{
  "benchmark_version": "v1",
  "timestamp": "2025-12-30T18:13:50.037671",
  "summary": {
    "total_incidents": 100,
    "successful": 91,
    "low_confidence": 0,
    "failed": 9,
    "success_rate": 91.0
  },
  "performance": {
    "mean_time": 39.13641368687808,
    "median_time": 38.23675799369812,
    "min_time": 36.85817909240723,
    "max_time": 48.48990082740784,
    "stdev_time": 2.5539811287859413
  },
  "quality": {
    "mean_confidence": 0.8501831501831502,
    "median_confidence": 0.8366666666666667,
    "min_confidence": 0.7966666666666667,
    "max_confidence": 0.9166666666666666,
    "stdev_confidence": 0.03492978013228166
  },
  "risk_distribution": {
    "HighRisk": 91
  },
  "expected_risk_distribution": {
    "MinimalRisk": 10,
    "HighRisk": 90
  },
  "incident_distribution": {
    "bias": 34,
    "privacy_violation": 34,
    "safety_failure": 3,
    "transparency_failure": 8,
    "discrimination": 2,
    "copyright": 9,
    "data_leakage": 1
  },
  "errors": [
    "BENCH-0039: Unknown",
    "BENCH-0098: Unknown",
    "BENCH-0013: Unknown",
    "BENCH-0026: Unknown",
    "BENCH-0016: Unknown",
    "BENCH-0029: Unknown",
    "BENCH-0018: Unknown",
    "BENCH-0028: Unknown",
    "BENCH-0076: Unknown"
  ]
}