{
  "summary": {
    "total_incidents": 100,
    "successful": 90,
    "low_confidence": 0,
    "failed": 10,
    "success_rate": 90.0
  },
  "performance": {
    "mean_time": 40.54820581807031,
    "median_time": 25.125528573989868,
    "min_time": 16.030062913894653,
    "max_time": 663.2070860862732,
    "stdev_time": 86.0339633586992
  },
  "quality": {
    "mean_confidence": 0.8960000000000001,
    "median_confidence": 0.9066666666666668,
    "min_confidence": 0.7866666666666667,
    "max_confidence": 0.9066666666666668,
    "stdev_confidence": 0.025298221281347053
  },
  "risk_distribution": {
    "MinimalRisk": 51,
    "HighRisk": 22,
    "Unknown": 17
  },
  "incident_distribution": {
    "discrimination": 24,
    "bias": 34,
    "privacy_violation": 25,
    "safety_failure": 4,
    "discrimination|bias": 3
  },
  "errors": [
    "BENCH-0095: Unknown",
    "BENCH-0068: Unknown",
    "BENCH-0063: Unknown",
    "BENCH-0099: Unknown",
    "BENCH-0086: Unknown",
    "BENCH-0100: Unknown",
    "BENCH-0097: Unknown",
    "BENCH-0093: Unknown",
    "BENCH-0091: Unknown",
    "BENCH-0064: Unknown"
  ]
}