{
  "generated_at": "2026-01-07T19:13:23.400092",
  "version": "0.41.0",
  "incident_type_metrics": {
    "per_class": {
      "accuracy_failure": {
        "precision": 0.5,
        "recall": 0.047619047619047616,
        "f1": 0.08695652173913042,
        "support": 21,
        "tp": 1,
        "fp": 1,
        "fn": 20
      },
      "adversarial_attack": {
        "precision": 0,
        "recall": 0.0,
        "f1": 0,
        "support": 2,
        "tp": 0,
        "fp": 0,
        "fn": 2
      },
      "appropriation": {
        "precision": 0.0,
        "recall": 0,
        "f1": 0,
        "support": 0,
        "tp": 0,
        "fp": 1,
        "fn": 0
      },
      "bias": {
        "precision": 0.5833333333333334,
        "recall": 0.4375,
        "f1": 0.5,
        "support": 16,
        "tp": 7,
        "fp": 5,
        "fn": 9
      },
      "copyright": {
        "precision": 0.5,
        "recall": 1.0,
        "f1": 0.6666666666666666,
        "support": 3,
        "tp": 3,
        "fp": 3,
        "fn": 0
      },
      "data_leakage": {
        "precision": 0.0,
        "recall": 0,
        "f1": 0,
        "support": 0,
        "tp": 0,
        "fp": 1,
        "fn": 0
      },
      "misinformation": {
        "precision": 0.8,
        "recall": 0.8,
        "f1": 0.8000000000000002,
        "support": 5,
        "tp": 4,
        "fp": 1,
        "fn": 1
      },
      "privacy_violation": {
        "precision": 0.35,
        "recall": 0.9333333333333333,
        "f1": 0.5090909090909091,
        "support": 15,
        "tp": 14,
        "fp": 26,
        "fn": 1
      },
      "safety_failure": {
        "precision": 0.8,
        "recall": 0.631578947368421,
        "f1": 0.7058823529411765,
        "support": 19,
        "tp": 12,
        "fp": 3,
        "fn": 7
      },
      "transparency_failure": {
        "precision": 0.5833333333333334,
        "recall": 0.5384615384615384,
        "f1": 0.5599999999999999,
        "support": 13,
        "tp": 7,
        "fp": 5,
        "fn": 6
      }
    },
    "macro_avg": {
      "precision": 0.5145833333333334,
      "recall": 0.5485616083477926,
      "f1": 0.47857455630473533
    },
    "micro_avg": {
      "precision": 0.5106382978723404,
      "recall": 0.5106382978723404,
      "f1": 0.5106382978723404
    },
    "weighted_avg": {
      "precision": 0.5677304964539008,
      "recall": 0.5106382978723404,
      "f1": 0.46972569466774183
    }
  },
  "misclassification_patterns": [
    {
      "expected": "accuracy_failure",
      "predicted": "privacy_violation",
      "count": 11
    },
    {
      "expected": "safety_failure",
      "predicted": "privacy_violation",
      "count": 5
    },
    {
      "expected": "bias",
      "predicted": "privacy_violation",
      "count": 5
    },
    {
      "expected": "transparency_failure",
      "predicted": "copyright",
      "count": 3
    },
    {
      "expected": "accuracy_failure",
      "predicted": "bias",
      "count": 3
    },
    {
      "expected": "transparency_failure",
      "predicted": "privacy_violation",
      "count": 2
    },
    {
      "expected": "accuracy_failure",
      "predicted": "transparency_failure",
      "count": 2
    },
    {
      "expected": "bias",
      "predicted": "transparency_failure",
      "count": 2
    },
    {
      "expected": "adversarial_attack",
      "predicted": "privacy_violation",
      "count": 2
    },
    {
      "expected": "transparency_failure",
      "predicted": "appropriation",
      "count": 1
    },
    {
      "expected": "accuracy_failure",
      "predicted": "safety failure",
      "count": 1
    },
    {
      "expected": "accuracy_failure",
      "predicted": "data_leakage",
      "count": 1
    },
    {
      "expected": "accuracy_failure",
      "predicted": "misinformation",
      "count": 1
    },
    {
      "expected": "accuracy_failure",
      "predicted": "safety_failure",
      "count": 1
    },
    {
      "expected": "safety_failure",
      "predicted": "bias",
      "count": 1
    },
    {
      "expected": "safety_failure",
      "predicted": "transparency_failure",
      "count": 1
    },
    {
      "expected": "safety_failure",
      "predicted": "safety failure",
      "count": 1
    },
    {
      "expected": "bias",
      "predicted": "accuracy_failure",
      "count": 1
    },
    {
      "expected": "bias",
      "predicted": "safety_failure",
      "count": 1
    },
    {
      "expected": "misinformation",
      "predicted": "privacy_violation",
      "count": 1
    }
  ],
  "risk_level_confusion": {
    "LimitedRisk": {
      "HighRisk": 7
    },
    "HighRisk": {
      "HighRisk": 79
    },
    "MinimalRisk": {
      "HighRisk": 12,
      "OutOfScope": 1
    }
  }
}