{
  "timestamp": "2026-01-12T13:02:31.087696",
  "results_file": "/Users/cartesio/workspace/ai_act_project/forensic_agent/benchmark/results/synthetic_benchmark_results_v2_20260111_015259.json",
  "total_incidents": 50,
  "completed": 36,
  "errors": 14,
  "success_rate": 0.72,
  "strict_evaluation": {
    "incident_type": {
      "accuracy": 0.6944444444444444,
      "precision_macro": 0.5743371212121212,
      "recall_macro": 0.5097222222222222,
      "f1_macro": 0.523611111111111,
      "precision_weighted": 0.7412668350168351,
      "recall_weighted": 0.6944444444444444,
      "f1_weighted": 0.6984567901234568,
      "per_class": {
        "accuracy_failure": {
          "precision": 0.3333333333333333,
          "recall": 0.5,
          "f1": 0.4,
          "support": 4
        },
        "appropriation": {
          "precision": 0.0,
          "recall": 0.0,
          "f1": 0.0,
          "support": 0
        },
        "bias": {
          "precision": 0.6363636363636364,
          "recall": 0.7777777777777778,
          "f1": 0.7,
          "support": 9
        },
        "copyright": {
          "precision": 0.0,
          "recall": 0.0,
          "f1": 0.0,
          "support": 1
        },
        "misinformation": {
          "precision": 1.0,
          "recall": 0.8,
          "f1": 0.8888888888888888,
          "support": 5
        },
        "privacy_violation": {
          "precision": 0.875,
          "recall": 1.0,
          "f1": 0.9333333333333333,
          "support": 7
        },
        "safety_failure": {
          "precision": 1.0,
          "recall": 0.5,
          "f1": 0.6666666666666666,
          "support": 4
        },
        "transparency_failure": {
          "precision": 0.75,
          "recall": 0.5,
          "f1": 0.6,
          "support": 6
        }
      }
    },
    "risk_level": {
      "accuracy": 0.9166666666666666,
      "precision_macro": 0.25,
      "recall_macro": 0.2426470588235294,
      "f1_macro": 0.2462686567164179,
      "precision_weighted": 0.9444444444444444,
      "recall_weighted": 0.9166666666666666,
      "f1_weighted": 0.9303482587064676,
      "per_class": {
        "HighRisk": {
          "precision": 1.0,
          "recall": 0.9705882352941176,
          "f1": 0.9850746268656716,
          "support": 34
        },
        "MinimalRisk": {
          "precision": 0.0,
          "recall": 0.0,
          "f1": 0.0,
          "support": 2
        },
        "OutOfScope": {
          "precision": 0.0,
          "recall": 0.0,
          "f1": 0.0,
          "support": 0
        },
        "Unacceptable": {
          "precision": 0.0,
          "recall": 0.0,
          "f1": 0.0,
          "support": 0
        }
      }
    }
  },
  "flexible_evaluation": {
    "incident_type": {
      "accuracy": 0.75,
      "precision_macro": 0.8143939393939394,
      "recall_macro": 0.7837962962962962,
      "f1_macro": 0.7912037037037036,
      "precision_weighted": 0.7597853535353535,
      "recall_weighted": 0.75,
      "f1_weighted": 0.746604938271605,
      "per_class": {
        "bias": {
          "precision": 0.6363636363636364,
          "recall": 0.7777777777777778,
          "f1": 0.7,
          "support": 9
        },
        "copyright": {
          "precision": 1.0,
          "recall": 1.0,
          "f1": 1.0,
          "support": 1
        },
        "misinformation": {
          "precision": 1.0,
          "recall": 0.8,
          "f1": 0.8888888888888888,
          "support": 5
        },
        "privacy_violation": {
          "precision": 0.875,
          "recall": 1.0,
          "f1": 0.9333333333333333,
          "support": 7
        },
        "safety_failure": {
          "precision": 0.625,
          "recall": 0.625,
          "f1": 0.625,
          "support": 8
        },
        "transparency_failure": {
          "precision": 0.75,
          "recall": 0.5,
          "f1": 0.6,
          "support": 6
        }
      }
    },
    "risk_level": {
      "accuracy": 1.0,
      "precision_macro": 1.0,
      "recall_macro": 1.0,
      "f1_macro": 1.0,
      "precision_weighted": 1.0,
      "recall_weighted": 1.0,
      "f1_weighted": 1.0,
      "per_class": {
        "HighRisk": {
          "precision": 1.0,
          "recall": 1.0,
          "f1": 1.0,
          "support": 34
        },
        "MinimalRisk": {
          "precision": 1.0,
          "recall": 1.0,
          "f1": 1.0,
          "support": 2
        }
      }
    }
  }
}