{
  "benchmark_version": "v2",
  "benchmark_type": "SYNTHETIC",
  "distribution_source": "AIAAIC-aligned (normalized)",
  "timestamp": "2026-01-02T20:39:26.272991",
  "summary": {
    "total_incidents": 10,
    "successful": 10,
    "low_confidence": 0,
    "failed": 0,
    "success_rate": 100.0
  },
  "performance": {
    "mean_time": 64.77499256134033,
    "median_time": 65.09798693656921,
    "min_time": 58.46657085418701,
    "max_time": 70.38894510269165,
    "stdev_time": 3.8750304173084658
  },
  "quality": {
    "mean_confidence": 0.8190000000000001,
    "median_confidence": 0.8366666666666667,
    "min_confidence": 0.6866666666666668,
    "max_confidence": 0.8366666666666667,
    "stdev_confidence": 0.04724639903973867
  },
  "risk_distribution": {
    "HighRisk": 10
  },
  "expected_risk_distribution": {
    "HighRisk": 10
  },
  "incident_distribution": {
    "safety_failure": 2,
    "transparency_failure": 3,
    "bias": 2,
    "privacy_violation": 3
  },
  "errors": []
}